{
    "kill_pos": [
        {
            "x": -18.3676815032959,
            "y": 0.9826858043670654,
            "z": 25.409303665161134
        }
    ],
    "hit_pos": [
        {
            "x": -18.20697784423828,
            "y": 0.9826856851577759,
            "z": 33.532840728759769
        },
        {
            "x": -25.757299423217775,
            "y": 0.9826858043670654,
            "z": 33.371551513671878
        },
        {
            "x": -27.532663345336915,
            "y": 0.9826856851577759,
            "z": 28.63730812072754
        },
        {
            "x": -28.50082015991211,
            "y": 0.9826856851577759,
            "z": 32.110511779785159
        }
    ],
    "acid_pos": [],
    "death_pos": [
        {
            "x": -21.809627532958986,
            "y": 0.9826856851577759,
            "z": 33.64259338378906
        }
    ]
}