{
    "kill_pos": [
        {
            "x": -24.30291175842285,
            "y": 0.9826856851577759,
            "z": 25.996898651123048
        },
        {
            "x": -25.245948791503908,
            "y": 0.9826856851577759,
            "z": 32.89259719848633
        },
        {
            "x": -9.730523109436036,
            "y": -0.014818549156188965,
            "z": 32.86215591430664
        }
    ],
    "hit_pos": [],
    "acid_pos": [],
    "death_pos": []
}