{
    "kill_pos": [],
    "hit_pos": [],
    "acid_pos": [],
    "death_pos": [
        {
            "x": -24.71249771118164,
            "y": 0.9826856851577759,
            "z": 29.700265884399415
        }
    ]
}