{
    "kill_pos": [],
    "hit_pos": [],
    "acid_pos": [],
    "death_pos": [
        {
            "x": -27.837711334228517,
            "y": 0.9826856851577759,
            "z": 32.31349563598633
        },
        {
            "x": -15.171859741210938,
            "y": 0.9826856851577759,
            "z": 31.778963088989259
        }
    ]
}